<?xml version="1.0" encoding="UTF-8"?>
<AXIS>
	<MULTFACTOR>
		200
	</MULTFACTOR>
</AXIS>
<AXIS>
	<LENGTHA>
		350
	</LENGTHA>
	<LENGTHB>
		500
	</LENGTHB>
	<MULTFACTOR>
		1.0
	</MULTFACTOR>
	<ADDFACTOR>
		240
	</ADDFACTOR>
	<ANGLEADD>
		13.45
	</ANGLEADD>
</AXIS>
<AXIS>
	<LENGTHA>
		350
	</LENGTHA>
	<LENGTHB>
		500
	</LENGTHB>
	<MULTFACTOR>
		1.0
	</MULTFACTOR>
	<ADDFACTOR>
		240
	</ADDFACTOR>
	<ANGLEADD>
		-86.5
	</ANGLEADD>
</AXIS>
<AXIS>
	<ADDFACTOR>
		3.0
	</ADDFACTOR>
	<MULTFACTOR>
		-200
	</MULTFACTOR>
</AXIS>
<AXIS>
	<ADDFACTOR>
		13.5
	</ADDFACTOR>
	<MULTFACTOR>
		115.69
	</MULTFACTOR>
</AXIS>